{
    "llama3.2:1b": [
        0.0,
        0.0,
        0.15895663121662956,
        0.0,
        0.2551699459954115,
        0.0,
        0.09540047276633608,
        0.0,
        0.0,
        0.4238849670090364,
        0.0,
        0.10926857823700986,
        0.0,
        0.0,
        0.16393293669860037,
        0.3185690113117777,
        0.36583586386338984,
        0.27251725577820246,
        0.0,
        0.0,
        0.1925693865260572,
        0.0,
        0.13443602085793813,
        0.0,
        0.0
    ],
    "llama3.2": [
        0.0,
        0.0,
        0.08745523061614605,
        0.0,
        0.11472925430843861,
        0.0,
        0.216271149092216,
        0.0,
        0.0,
        0.4447811651395131,
        0.0,
        0.0,
        0.0,
        0.16974028188174933,
        0.08339720509288906,
        0.15222790830218544,
        0.47203392907202957,
        0.24567128324322496,
        0.0,
        0.12607162121844206,
        0.18803516501982678,
        0.19940445989088915,
        0.19850842371858787,
        0.2684526451456731,
        0.23533194009827943
    ],
    "gemma3:1b": [
        0.0,
        0.0,
        0.0,
        0.0,
        0.16636035585327166,
        0.0,
        0.0,
        0.0,
        0.25281168697394946,
        0.18909313885700818,
        0.0,
        0.09765861873555075,
        0.0,
        0.158687408325804,
        0.25798723088167685,
        0.3165871784273066,
        0.35720070637972035,
        0.0,
        0.0,
        0.0,
        0.20793684611976196,
        0.30752616970214336,
        0.0,
        0.12587874368225307,
        0.13197682933147245
    ],
    "gemma3:4b": [
        0.0,
        0.0,
        0.0,
        0.0,
        0.2458388136602996,
        0.0,
        0.287686670403962,
        0.0,
        0.28782231838054434,
        0.13541918833204125,
        0.0,
        0.23773366368173357,
        0.0,
        0.1714049169603588,
        0.2439358245867743,
        0.5770801680515707,
        0.217267909338136,
        0.18338676381016422,
        0.0,
        0.14273497382461411,
        0.25268448683574696,
        0.39443258294642713,
        0.0,
        0.1813788948262299,
        0.2344215480248475
    ]
}