{
    "llama3.2:1b": 0.013125960061443932,
    "llama3.2": 0.09222683283404345,
    "gemma3:1b": 0.015034979509044998,
    "gemma3:4b": 0.4016684837281789
}