{
    "italian": [
        0.15584415584415584,
        0.2727272727272727,
        0.11688311688311688,
        0.18181818181818182,
        0.07792207792207792,
        0.1038961038961039,
        0.14285714285714285,
        0.16883116883116883,
        0.07792207792207792,
        0.18181818181818182,
        0.14285714285714285,
        0.07792207792207792,
        0.3116883116883117,
        0.11688311688311688,
        0.03896103896103896,
        0.11688311688311688,
        0.12987012987012986,
        0.35064935064935066,
        0.19480519480519481,
        0.07792207792207792
    ],
    "amharic": [
        0.35064935064935066,
        0.35064935064935066,
        0.2727272727272727,
        0.2727272727272727,
        0.12987012987012986,
        0.09090909090909091,
        0.05194805194805195,
        0.36363636363636365,
        0.5584415584415584,
        0.2987012987012987,
        0.22077922077922077,
        0.2857142857142857,
        0.15584415584415584,
        0.24675324675324675,
        0.23376623376623376,
        0.1038961038961039,
        0.19480519480519481,
        0.05194805194805195,
        0.06493506493506493,
        0.24675324675324675
    ],
    "german": [
        0.06493506493506493,
        0.11688311688311688,
        0.16883116883116883,
        0.1038961038961039,
        0.03896103896103896,
        0.05194805194805195,
        0.05194805194805195,
        0.14285714285714285,
        0.06493506493506493,
        0.16883116883116883,
        0.1038961038961039,
        0.06493506493506493,
        0.05194805194805195,
        0.06493506493506493,
        0.03896103896103896,
        0.06493506493506493,
        0.05194805194805195,
        0.07792207792207792,
        0.07792207792207792,
        0.1038961038961039
    ],
    "vietnamese": [
        0.18181818181818182,
        0.5324675324675324,
        0.2857142857142857,
        0.2857142857142857,
        0.2987012987012987,
        0.7012987012987013,
        0.15584415584415584,
        0.2727272727272727,
        0.42857142857142855,
        0.18181818181818182,
        0.2987012987012987,
        0.03896103896103896,
        0.22077922077922077,
        0.11688311688311688,
        0.4675324675324675,
        0.09090909090909091,
        0.12987012987012986,
        0.11688311688311688,
        0.16883116883116883,
        0.35064935064935066
    ],
    "japanese": [
        0.2077922077922078,
        0.1038961038961039,
        0.1038961038961039,
        0.2727272727272727,
        0.11688311688311688,
        0.07792207792207792,
        0.025974025974025976,
        0.05194805194805195,
        0.23376623376623376,
        0.2727272727272727,
        0.14285714285714285,
        0.23376623376623376,
        0.025974025974025976,
        0.14285714285714285,
        0.11688311688311688,
        0.09090909090909091,
        0.15584415584415584,
        0.1038961038961039,
        0.06493506493506493,
        0.11688311688311688
    ],
    "arabic": [
        0.15584415584415584,
        0.07792207792207792,
        0.2987012987012987,
        0.15584415584415584,
        0.1038961038961039,
        0.23376623376623376,
        0.14285714285714285,
        0.11688311688311688,
        0.07792207792207792,
        0.11688311688311688,
        0.16883116883116883,
        0.1038961038961039,
        0.12987012987012986,
        0.18181818181818182,
        0.23376623376623376,
        0.09090909090909091,
        0.07792207792207792,
        0.12987012987012986,
        0.14285714285714285,
        0.09090909090909091
    ],
    "english": [
        0.025974025974025976,
        0.06493506493506493,
        0.07792207792207792,
        0.025974025974025976,
        0.09090909090909091,
        0.09090909090909091,
        0.06493506493506493,
        0.05194805194805195,
        0.025974025974025976,
        0.09090909090909091,
        0.03896103896103896,
        0.11688311688311688,
        0.05194805194805195,
        0.11688311688311688,
        0.2597402597402597,
        0.09090909090909091,
        0.19480519480519481,
        0.1038961038961039,
        0.05194805194805195,
        0.07792207792207792
    ],
    "romanian": [
        0.09090909090909091,
        0.05194805194805195,
        0.14285714285714285,
        0.1038961038961039,
        0.11688311688311688,
        0.11688311688311688,
        0.07792207792207792,
        0.12987012987012986,
        0.09090909090909091,
        0.06493506493506493,
        0.15584415584415584,
        0.06493506493506493,
        0.05194805194805195,
        0.14285714285714285,
        0.06493506493506493,
        0.1038961038961039,
        0.11688311688311688,
        0.24675324675324675,
        0.19480519480519481,
        0.06493506493506493
    ],
    "russian": [
        0.15584415584415584,
        0.14285714285714285,
        0.06493506493506493,
        0.42857142857142855,
        0.2857142857142857,
        0.16883116883116883,
        0.07792207792207792,
        0.16883116883116883,
        0.05194805194805195,
        0.3116883116883117,
        0.06493506493506493,
        0.2727272727272727,
        0.2077922077922078,
        0.09090909090909091,
        0.1038961038961039,
        0.06493506493506493,
        0.15584415584415584,
        0.2077922077922078,
        0.06493506493506493,
        0.12987012987012986
    ],
    "cantonese": [
        0.2597402597402597,
        0.38961038961038963,
        0.3116883116883117,
        0.4155844155844156,
        0.12987012987012986,
        0.14285714285714285,
        0.07792207792207792,
        0.14285714285714285,
        0.05194805194805195,
        0.12987012987012986,
        0.22077922077922077,
        0.1038961038961039,
        0.07792207792207792,
        0.35064935064935066,
        0.1038961038961039,
        0.18181818181818182,
        0.03896103896103896,
        0.12987012987012986,
        0.12987012987012986,
        0.11688311688311688
    ],
    "portuguese": [
        0.7662337662337663,
        0.07792207792207792,
        0.2727272727272727,
        0.11688311688311688,
        0.09090909090909091,
        0.23376623376623376,
        0.12987012987012986,
        0.1038961038961039,
        0.03896103896103896,
        0.19480519480519481,
        0.07792207792207792,
        0.11688311688311688,
        0.1038961038961039,
        0.23376623376623376,
        0.025974025974025976,
        0.05194805194805195,
        0.23376623376623376,
        0.1038961038961039,
        0.18181818181818182,
        0.05194805194805195
    ],
    "swedish": [
        0.1038961038961039,
        0.09090909090909091,
        0.11688311688311688,
        0.15584415584415584,
        0.11688311688311688,
        0.36363636363636365,
        0.06493506493506493,
        0.03896103896103896,
        0.06493506493506493,
        0.06493506493506493,
        0.06493506493506493,
        0.05194805194805195,
        0.07792207792207792,
        0.07792207792207792,
        0.07792207792207792,
        0.05194805194805195,
        0.16883116883116883,
        0.05194805194805195,
        0.07792207792207792,
        0.14285714285714285
    ],
    "turkish": [
        0.12987012987012986,
        0.23376623376623376,
        0.07792207792207792,
        0.19480519480519481,
        0.22077922077922077,
        0.06493506493506493,
        0.09090909090909091,
        0.24675324675324675,
        0.7922077922077922,
        0.12987012987012986,
        0.19480519480519481,
        0.15584415584415584,
        0.012987012987012988,
        0.11688311688311688,
        0.3116883116883117,
        0.05194805194805195,
        0.09090909090909091,
        0.18181818181818182,
        0.1038961038961039,
        0.3246753246753247
    ],