{
    "alt.atheism": 0.6666666666666666,
    "comp.graphics": 0.45454545454545453,
    "comp.os.ms-windows.misc": 0.9230769230769231,
    "comp.sys.ibm.pc.hardware": 0.0,
    "comp.sys.mac.hardware": 0.0,
    "comp.windows.x": 0.07692307692307693,
    "misc.forsale": 0.7,
    "rec.autos": 0.125,
    "rec.motorcycles": 0.5,
    "rec.sport.baseball": 0.6363636363636364,
    "rec.sport.hockey": 0.2727272727272727,
    "sci.crypt": 0.6,
    "sci.electronics": 0.18181818181818182,
    "sci.med": 0.6,
    "sci.space": 0.7857142857142857,
    "soc.religion.christian": 0.16666666666666666,
    "talk.politics.guns": 0.8571428571428571,
    "talk.politics.mideast": 0.21428571428571427,
    "talk.politics.misc": 0.0,
    "talk.religion.misc": 0.0
}