{
    "llama3.2:1b": [
        0.0,
        0.3257975058210863,
        0.17725053517667022,
        0.0,
        0.0,
        0.0,
        0.0,
        0.19345299022826185,
        0.34616316658919044,
        0.0,
        0.0,
        0.0,
        0.0,
        0.0,
        0.31837493048357335,
        0.22150370805587954,
        0.14831093570955667,
        0.5081327481546147,
        0.0,
        0.0,
        0.20723903671796345,
        0.40801564071026,
        0.37257484093951504,
        0.0,
        0.21730262252815993
    ],
    "llama3.2": [
        0.0,
        0.4286410599258621,
        0.19865345461112213,
        0.06708839685423082,
        0.0,
        0.0,
        0.0,
        0.29759282342490984,
        0.5412549457215402,
        0.0,
        0.0,
        0.0,
        0.0,
        0.0,
        0.29663303142921393,
        0.39749388228876625,
        0.19861626912448344,
        0.0,
        0.0,
        0.0,
        0.27274191069381915,
        0.2167183006379162,
        0.3942058093215873,
        0.0,
        0.32627374732434955
    ],
    "gemma3:1b": [
        0.0,
        0.4397473333021847,
        0.17470863625609687,
        0.0,
        0.0,
        0.0,
        0.0,
        0.0,
        0.20690996611611379,
        0.24947107011816516,
        0.0,
        0.0,
        0.0,
        0.0,
        0.32166422423208135,
        0.24217458067938927,
        0.0,
        0.0,
        0.0,
        0.6431870218238024,
        0.18627639656696826,
        0.0,
        0.4385068972747104,
        0.0,
        0.0
    ],
    "gemma3:4b": [
        0.0,
        0.40785668493845234,
        0.1488559767660937,
        0.0,
        0.0,
        0.0,
        0.0,
        0.0,
        0.4185072814814146,
        0.19454290935168927,
        0.22669791982323334,
        0.15573188896329046,
        0.0,
        0.0,
        0.597713031281549,
        0.35043010320134516,
        0.297647352574871,
        0.0,
        0.4608636396914616,
        0.0,
        0.2927057121559396,
        0.2042819529610956,
        0.6165255292124369,
        0.0,
        0.39280289925952905
    ]
}